specimen_id,coord_id,x,y
1,0,-0.4933,0.013
1,1,-0.0777,0.0832
1,2,0.2231,0.0861
1,3,0.2641,0.0462
1,4,0.2645,0.0261
1,5,0.2471,0.0003
1,6,0.2311,-0.0228
1,7,0.204,-0.0452
1,8,0.1282,-0.0742
1,9,0.0424,-0.0966
1,10,-0.0674,-0.1108
1,11,-0.4102,-0.0163
1,12,-0.314,0.0318
1,13,-0.1768,0.0341
1,14,0.0715,0.0509
1,15,-0.054,0.0238
1,16,0.0575,-0.0059
1,17,-0.1401,-0.024
2,0,-0.4814,0.0135
2,1,-0.0058,0.078
2,2,0.2345,0.0644
2,3,0.246,0.0467
2,4,0.2487,0.0281
2,5,0.243,0.0115
2,6,0.2316,-0.0039
2,7,0.1956,-0.0305
2,8,0.1462,-0.0545
2,9,0.0483,-0.0866
2,10,-0.052,-0.1047
2,11,-0.4016,-0.025
2,12,-0.3868,0.0166
2,13,-0.1808,0.0229
2,14,0.0484,0.0405
2,15,-0.0519,0.0164
2,16,0.0623,-0.0047
2,17,-0.1444,-0.0286
3,0,-0.4622,0.0159
3,1,0.0089,0.0689
3,2,0.2404,0.0545
3,3,0.2501,0.0424
3,4,0.26,0.023
3,5,0.2541,0.0039
3,6,0.2369,-0.0105
3,7,0.1957,-0.0305
3,8,0.1249,-0.048
3,9,0.0146,-0.072
3,10,-0.0758,-0.0865
3,11,-0.4104,-0.02
3,12,-0.3919,0.019
3,13,-0.1724,0.0182
3,14,0.0577,0.0344
3,15,-0.0468,0.0115
3,16,0.0766,-0.0079
3,17,-0.1602,-0.0162
4,0,-0.4534,-0.0028
4,1,-0.0318,0.0738
4,2,0.2423,0.0808
4,3,0.2627,0.0559
4,4,0.2654,0.0322
4,5,0.2579,0.0143
4,6,0.2426,0.0018
4,7,0.1851,-0.0313
4,8,0.1191,-0.0581
4,9,0.0203,-0.0847
4,10,-0.0919,-0.0957
4,11,-0.3862,-0.0289
4,12,-0.4051,-0.0072
4,13,-0.1536,0.015
4,14,0.0617,0.0436
4,15,-0.0549,0.0217
4,16,0.0705,-0.0031
4,17,-0.1507,-0.0273
5,0,-0.4926,-0.0212
5,1,-0.026,0.0708
5,2,0.2347,0.0679
5,3,0.2398,0.0584
5,4,0.2415,0.0355
5,5,0.2337,0.0187
5,6,0.2163,0.001
5,7,0.192,-0.0171
5,8,0.1271,-0.0443
5,9,0.0427,-0.0699
5,10,-0.0516,-0.1016
5,11,-0.4242,-0.0505
5,12,-0.397,-0.0018
5,13,-0.1374,0.0154
5,14,0.0762,0.0457
5,15,-0.0313,0.017
5,16,0.088,0.0037
5,17,-0.1318,-0.0278
6,0,-0.4614,0.0567
6,1,-0.0091,0.0684
6,2,0.2335,0.0345
6,3,0.2499,0.0171
6,4,0.2553,-0.0019
6,5,0.2522,-0.0176
6,6,0.2383,-0.0356
6,7,0.203,-0.0524
6,8,0.1296,-0.0691
6,9,0.0155,-0.0785
6,10,-0.0965,-0.0805
6,11,-0.4053,0.0196
6,12,-0.3907,0.0522
6,13,-0.1607,0.0403
6,14,0.0703,0.0371
6,15,-0.0577,0.0258
6,16,0.0801,-0.0118
6,17,-0.1463,-0.0042
7,0,-0.4742,-0.0161
7,1,-0.0633,0.0656
7,2,0.2206,0.0937
7,3,0.249,0.072
7,4,0.2576,0.0483
7,5,0.2512,0.0232
7,6,0.2388,0.0116
7,7,0.1871,-0.0273
7,8,0.1484,-0.0449
7,9,0.023,-0.0882
7,10,-0.0575,-0.1054
7,11,-0.3916,-0.0478
7,12,-0.3805,-0.0085
7,13,-0.1604,0.0119
7,14,0.0647,0.047
7,15,-0.0449,0.0135
7,16,0.0903,-0.0072
7,17,-0.1585,-0.0414
8,0,-0.4698,0.0224
8,1,0.0525,0.0771
8,2,0.245,0.0501
8,3,0.2603,0.0333
8,4,0.2587,0.0166
8,5,0.2552,0.0071
8,6,0.2373,-0.0083
8,7,0.1808,-0.0319
8,8,0.1008,-0.0546
8,9,0.0155,-0.0807
8,10,-0.0922,-0.0907
8,11,-0.4082,-0.0124
8,12,-0.3919,0.0228
8,13,-0.1604,0.0248
8,14,0.0494,0.0383
8,15,-0.0575,0.016
8,16,0.066,-0.0107
8,17,-0.1416,-0.0192
9,0,-0.4652,-0.011
9,1,-0.0017,0.0759
9,2,0.2246,0.0759
9,3,0.2405,0.0587
9,4,0.25,0.0443
9,5,0.2509,0.0258
9,6,0.2406,0.0057
9,7,0.2009,-0.0214
9,8,0.1389,-0.0475
9,9,0.0284,-0.079
9,10,-0.045,-0.0979
9,11,-0.3999,-0.0458
9,12,-0.3968,-0.0077
9,13,-0.1886,0.009
9,14,0.0561,0.0424
9,15,-0.0683,0.0081
9,16,0.0793,-0.0046
9,17,-0.1449,-0.0309
10,0,-0.4496,0.0335
10,1,0.0012,0.0701
10,2,0.2502,0.0412
10,3,0.2591,0.0249
10,4,0.2598,0.0083
10,5,0.254,-0.0054
10,6,0.2376,-0.0184
10,7,0.1914,-0.0377
10,8,0.1255,-0.0551
10,9,0.0201,-0.0796
10,10,-0.0594,-0.0904
10,11,-0.4083,-0.0007
10,12,-0.3931,0.0279
10,13,-0.1805,0.0303
10,14,0.052,0.0405
10,15,-0.0622,0.0241
10,16,0.0662,-0.0066
10,17,-0.164,-0.007
11,0,-0.4586,0.0314
11,1,-0.004,0.0707
11,2,0.2412,0.0445
11,3,0.2514,0.0284
11,4,0.2543,0.014
11,5,0.2504,-0.0032
11,6,0.233,-0.0248
11,7,0.1846,-0.0433
11,8,0.1228,-0.0565
11,9,0.0319,-0.0713
11,10,-0.0718,-0.0806
11,11,-0.4071,-0.005
11,12,-0.3992,0.0249
11,13,-0.1819,0.0293
11,14,0.0809,0.0402
11,15,-0.0575,0.0224
11,16,0.0888,-0.0103
11,17,-0.1592,-0.0105
12,0,-0.4577,0.0257
12,1,-0.0119,0.0557
12,2,0.2215,0.0519
12,3,0.2416,0.0411
12,4,0.251,0.0217
12,5,0.2488,0.0035
12,6,0.2333,-0.0147
12,7,0.1951,-0.0385
12,8,0.1154,-0.058
12,9,0.0081,-0.071
12,10,-0.0986,-0.0839
12,11,-0.4056,0.0
12,12,-0.3814,0.0248
12,13,-0.1579,0.0201
12,14,0.163,0.0365
12,15,-0.0686,0.0122
12,16,0.0985,-0.0115
12,17,-0.1947,-0.0157
13,0,-0.4704,0.0144
13,1,0.012,0.0897
13,2,0.2333,0.0707
13,3,0.2545,0.0505
13,4,0.2624,0.0302
13,5,0.2601,0.007
13,6,0.2429,-0.0154
13,7,0.2026,-0.0363
13,8,0.1108,-0.0668
13,9,0.0149,-0.0885
13,10,-0.1081,-0.1035
13,11,-0.4161,-0.0288
13,12,-0.3559,0.0268
13,13,-0.1632,0.0253
13,14,0.0432,0.0414
13,15,-0.0244,0.0162
13,16,0.0478,-0.0092
13,17,-0.1462,-0.0237
14,0,-0.4693,-0.0651
14,1,0.0093,0.0766
14,2,0.2223,0.0934
14,3,0.2417,0.0771
14,4,0.2472,0.055
14,5,0.2427,0.042
14,6,0.2263,0.0193
14,7,0.1913,-0.0059
14,8,0.1359,-0.0363
14,9,0.0587,-0.0694
14,10,-0.0426,-0.0967
14,11,-0.4065,-0.0824
14,12,-0.4097,-0.0476
14,13,-0.1541,0.0086
14,14,0.0189,0.0479
14,15,-0.0264,0.0211
14,16,0.0566,0.0022
14,17,-0.1423,-0.0397
15,0,-0.4673,0.022
15,1,-0.0277,0.0745
15,2,0.2456,0.0517
15,3,0.2553,0.0369
15,4,0.2618,0.0159
15,5,0.2593,0.0014
15,6,0.2409,-0.0152
15,7,0.1932,-0.0402
15,8,0.1261,-0.0584
15,9,0.0266,-0.0732
15,10,-0.1079,-0.0788
15,11,-0.4005,-0.0119
15,12,-0.3871,0.0193
15,13,-0.1765,0.0251
15,14,0.0456,0.0363
15,15,-0.0333,0.0174
15,16,0.0724,-0.0072
15,17,-0.1266,-0.0156
16,0,-0.4598,0.0418
16,1,0.0208,0.0737
16,2,0.2401,0.0484
16,3,0.2577,0.0265
16,4,0.2626,0.0063
16,5,0.2574,-0.0081
16,6,0.2337,-0.0255
16,7,0.1831,-0.0458
16,8,0.123,-0.0605
16,9,0.0175,-0.0749
16,10,-0.1034,-0.0821
16,11,-0.4151,0.0095
16,12,-0.404,0.0348
16,13,-0.1433,0.0285
16,14,0.0435,0.0364
16,15,-0.0406,0.0177
16,16,0.061,-0.0099
16,17,-0.1344,-0.0169
17,0,-0.469,0.0256
17,1,0.0188,0.0844
17,2,0.2381,0.0519
17,3,0.2517,0.0352
17,4,0.254,0.0131
17,5,0.2459,-0.0122
17,6,0.2249,-0.0331
17,7,0.1799,-0.0516
17,8,0.1157,-0.0621
17,9,0.0257,-0.0784
17,10,-0.1524,-0.0905
17,11,-0.4012,-0.0015
17,12,-0.3796,0.034
17,13,-0.1482,0.0442
17,14,0.1153,0.0437
17,15,-0.0745,0.0274
17,16,0.0942,-0.0158
17,17,-0.1395,-0.0142
18,0,-0.4999,0.0214
18,1,0.0533,0.0868
18,2,0.2081,0.0713
18,3,0.2263,0.0548
18,4,0.2358,0.0361
18,5,0.2391,0.0128
18,6,0.2206,-0.0235
18,7,0.1792,-0.0512
18,8,0.1168,-0.0693
18,9,0.0343,-0.0924
18,10,-0.1419,-0.1106
18,11,-0.4192,-0.0064
18,12,-0.3695,0.0241
18,13,-0.1232,0.041
18,14,0.138,0.0543
18,15,-0.0694,0.0134
18,16,0.0825,-0.0252
18,17,-0.1111,-0.0373
19,0,-0.4668,-0.0044
19,1,-0.0334,0.0689
19,2,0.2229,0.0664
19,3,0.2464,0.0514
19,4,0.2598,0.0307
19,5,0.2588,0.0141
19,6,0.2389,-0.0053
19,7,0.1792,-0.0283
19,8,0.1107,-0.0468
19,9,0.0349,-0.0718
19,10,-0.1502,-0.0893
19,11,-0.3964,-0.0316
19,12,-0.3764,0.0077
19,13,-0.1537,0.0238
19,14,0.1411,0.0493
19,15,-0.0807,0.0116
19,16,0.0985,-0.0159
19,17,-0.1336,-0.0306
20,0,-0.4873,0.0122
20,1,-0.0175,0.0784
20,2,0.2357,0.0725
20,3,0.2514,0.0514
20,4,0.2567,0.0255
20,5,0.2527,0.0058
20,6,0.2371,-0.0142
20,7,0.1959,-0.0388
20,8,0.1245,-0.0612
20,9,0.0397,-0.0783
20,10,-0.1466,-0.1012
20,11,-0.4242,-0.0296
20,12,-0.3325,0.0165
20,13,-0.1271,0.0308
20,14,0.084,0.0459
20,15,-0.0807,0.0177
20,16,0.06,-0.0103
20,17,-0.1219,-0.023
21,0,-0.4829,0.03
21,1,0.0117,0.0938
21,2,0.2398,0.0578
21,3,0.2544,0.0325
21,4,0.2518,0.0092
21,5,0.2446,-0.0074
21,6,0.2271,-0.0243
21,7,0.1758,-0.0524
21,8,0.1062,-0.0728
21,9,0.0065,-0.0876
21,10,-0.0936,-0.0955
21,11,-0.4021,0.009
21,12,-0.3899,0.0343
21,13,-0.1648,0.0403
21,14,0.0951,0.0433
21,15,-0.021,0.0206
21,16,0.0735,-0.0094
21,17,-0.1321,-0.0214
22,0,-0.4683,0.0225
22,1,0.0446,0.0866
22,2,0.2237,0.0673
22,3,0.2486,0.0447
22,4,0.2543,0.0291
22,5,0.2566,0.0081
22,6,0.235,-0.0205
22,7,0.1694,-0.047
22,8,0.1025,-0.0648
22,9,0.0227,-0.0858
22,10,-0.09,-0.0984
22,11,-0.4127,-0.0165
22,12,-0.3935,0.0185
22,13,-0.1948,0.0288
22,14,0.0637,0.0464
22,15,-0.0261,0.0189
22,16,0.0842,-0.0124
22,17,-0.1198,-0.0254
23,0,-0.4625,0.0195
23,1,0.0534,0.0874
23,2,0.2472,0.0558
23,3,0.2595,0.0425
23,4,0.2608,0.0208
23,5,0.2517,0.0033
23,6,0.2317,-0.0116
23,7,0.1701,-0.0391
23,8,0.1081,-0.059
23,9,0.0151,-0.0825
23,10,-0.0976,-0.0988
23,11,-0.4123,-0.0236
23,12,-0.398,0.0148
23,13,-0.1728,0.0274
23,14,0.048,0.0493
23,15,-0.0277,0.0244
23,16,0.0489,-0.0032
23,17,-0.1236,-0.0275
24,0,-0.4473,0.0502
24,1,-0.0237,0.0884
24,2,0.2454,0.0522
24,3,0.2706,0.0277
24,4,0.2719,0.0059
24,5,0.2623,-0.0133
24,6,0.2396,-0.0313
24,7,0.1828,-0.0538
24,8,0.1047,-0.0703
24,9,0.0191,-0.0914
24,10,-0.0813,-0.1033
24,11,-0.394,0.0049
24,12,-0.3814,0.0464
24,13,-0.2018,0.0488
24,14,0.0482,0.0441
24,15,-0.0358,0.0232
24,16,0.0524,-0.0112
24,17,-0.1317,-0.0173
25,0,-0.4681,0.0445
25,1,0.0566,0.0841
25,2,0.2515,0.0503
25,3,0.2635,0.0318
25,4,0.2617,0.0109
25,5,0.2493,-0.0113
25,6,0.2229,-0.0326
25,7,0.1654,-0.0584
25,8,0.105,-0.0713
25,9,0.0084,-0.0877
25,10,-0.1085,-0.0962
25,11,-0.4064,0.0035
25,12,-0.385,0.0391
25,13,-0.1688,0.0396
25,14,0.0717,0.0458
25,15,-0.0227,0.0245
25,16,0.0439,-0.0054
25,17,-0.1404,-0.0113
26,0,-0.4654,0.0045
26,1,-0.0237,0.0591
26,2,0.2298,0.0652
26,3,0.2506,0.0472
26,4,0.2565,0.0359
26,5,0.2547,0.0191
26,6,0.2406,0.0016
26,7,0.1958,-0.024
26,8,0.1348,-0.0499
26,9,0.0377,-0.0837
26,10,-0.0598,-0.1028
26,11,-0.4078,-0.0288
26,12,-0.3939,0.0037
26,13,-0.1667,0.0187
26,14,0.0639,0.0422
26,15,-0.0479,0.0175
26,16,0.0514,0.0013
26,17,-0.1504,-0.0267
27,0,-0.4544,0.0221
27,1,-0.0074,0.0855
27,2,0.236,0.0679
27,3,0.2578,0.05
27,4,0.2686,0.0258
27,5,0.2677,0.0018
27,6,0.2525,-0.0206
27,7,0.2016,-0.0483
27,8,0.101,-0.0702
27,9,0.027,-0.0886
27,10,-0.0571,-0.0967
27,11,-0.3962,-0.0166
27,12,-0.3685,0.0227
27,13,-0.183,0.0288
27,14,0.0186,0.0402
27,15,-0.0344,0.0185
27,16,0.0542,-0.0106
27,17,-0.184,-0.012
28,0,-0.4653,-0.0153
28,1,-0.053,0.0713
28,2,0.1996,0.0886
28,3,0.2548,0.0643
28,4,0.2654,0.0462
28,5,0.2632,0.0168
28,6,0.2399,-0.0084
28,7,0.1881,-0.0358
28,8,0.1297,-0.0542
28,9,0.0436,-0.0796
28,10,-0.0329,-0.0978
28,11,-0.4176,-0.0393
28,12,-0.3934,-0.0092
28,13,-0.1727,0.0196
28,14,0.0655,0.049
28,15,-0.0419,0.0247
28,16,0.0323,-0.0041
28,17,-0.1054,-0.0366
29,0,-0.4624,0.0319
29,1,0.0361,0.0848
29,2,0.2647,0.0476
29,3,0.2711,0.0332
29,4,0.2686,0.0142
29,5,0.2536,-0.0028
29,6,0.2181,-0.0254
29,7,0.1662,-0.0468
29,8,0.1179,-0.0599
29,9,0.0245,-0.0808
29,10,-0.0732,-0.0968
29,11,-0.3969,-0.0034
29,12,-0.387,0.0305
29,13,-0.1745,0.031
29,14,0.0578,0.0444
29,15,-0.0471,0.0241
29,16,0.0261,-0.003
29,17,-0.1635,-0.0226
30,0,-0.474,0.022
30,1,0.0024,0.0831
30,2,0.2327,0.0713
30,3,0.2492,0.0529
30,4,0.2556,0.0308
30,5,0.2491,0.0089
30,6,0.2318,-0.0089
30,7,0.1827,-0.0386
30,8,0.1087,-0.0608
30,9,0.0389,-0.0882
30,10,-0.0529,-0.1136
30,11,-0.4112,-0.0271
30,12,-0.398,0.0168
30,13,-0.1748,0.0275
30,14,0.0599,0.0415
30,15,-0.0157,0.0171
30,16,0.048,-0.0105
30,17,-0.1324,-0.0244
31,0,-0.4831,-0.0136
31,1,0.0024,0.0861
31,2,0.2431,0.0843
31,3,0.2554,0.0625
31,4,0.254,0.0326
31,5,0.2405,0.0126
31,6,0.2165,-0.0073
31,7,0.1757,-0.0319
31,8,0.1188,-0.0525
31,9,0.042,-0.0831
31,10,-0.0576,-0.1092
31,11,-0.4031,-0.0419
31,12,-0.3856,-0.0059
31,13,-0.1916,0.0145
31,14,0.0674,0.0531
31,15,-0.0285,0.0259
31,16,0.0642,-0.0014
31,17,-0.1304,-0.0246
32,0,-0.4955,0.0422
32,1,0.0429,0.0871
32,2,0.2268,0.0616
32,3,0.2411,0.0429
32,4,0.2455,0.0159
32,5,0.2386,-0.0002
32,6,0.2212,-0.0235
32,7,0.1736,-0.0527
32,8,0.1042,-0.0675
32,9,0.0273,-0.089
32,10,-0.0741,-0.1126
32,11,-0.4098,0.0008
32,12,-0.4,0.0326
32,13,-0.1689,0.0341
32,14,0.0781,0.0438
32,15,-0.0248,0.0224
32,16,0.079,-0.0106
32,17,-0.1054,-0.0273
33,0,-0.487,-0.0111
33,1,0.0401,0.0939
33,2,0.2165,0.0943
33,3,0.2332,0.0825
33,4,0.2471,0.0502
33,5,0.2408,0.0188
33,6,0.2241,-0.0047
33,7,0.1764,-0.0367
33,8,0.1146,-0.0632
33,9,0.005,-0.0961
33,10,-0.0748,-0.1175
33,11,-0.4034,-0.0539
33,12,-0.4011,-0.0029
33,13,-0.1615,0.018
33,14,0.0824,0.0556
33,15,-0.0144,0.0217
33,16,0.0784,-0.0062
33,17,-0.1164,-0.0428
34,0,-0.4862,0.0842
34,1,0.026,0.0865
34,2,0.237,0.0326
34,3,0.2426,0.0203
34,4,0.2407,0.0011
34,5,0.2355,-0.0171
34,6,0.2093,-0.0424
34,7,0.1746,-0.0611
34,8,0.1018,-0.0804
34,9,0.0167,-0.092
34,10,-0.0894,-0.1024
34,11,-0.4233,0.0207
34,12,-0.3944,0.0698
34,13,-0.1543,0.0526
34,14,0.0847,0.0385
34,15,0.004,0.0209
34,16,0.0815,-0.0175
34,17,-0.1069,-0.0145
35,0,-0.4698,0.0229
35,1,0.0008,0.0769
35,2,0.2413,0.0565
35,3,0.2534,0.0372
35,4,0.2562,0.0211
35,5,0.253,0.0045
35,6,0.2392,-0.015
35,7,0.1969,-0.038
35,8,0.1006,-0.0591
35,9,0.0087,-0.0818
35,10,-0.0851,-0.098
35,11,-0.4069,-0.0163
35,12,-0.3909,0.0199
35,13,-0.1716,0.0275
35,14,0.0642,0.0463
35,15,-0.0269,0.0213
35,16,0.0729,-0.009
35,17,-0.136,-0.0167
36,0,-0.4781,0.0434
36,1,0.0151,0.0861
36,2,0.2315,0.0588
36,3,0.2497,0.034
36,4,0.2522,0.0097
36,5,0.2468,-0.0098
36,6,0.2262,-0.0268
36,7,0.171,-0.0504
36,8,0.1161,-0.0662
36,9,0.0229,-0.0872
36,10,-0.0725,-0.0919
36,11,-0.4162,-0.0013
36,12,-0.3934,0.0423
36,13,-0.1805,0.0383
36,14,0.0727,0.0398
36,15,-0.0165,0.0185
36,16,0.077,-0.0152
36,17,-0.1238,-0.022
37,0,-0.4831,0.0333
37,1,0.0053,0.0903
37,2,0.2195,0.0586
37,3,0.2431,0.0411
37,4,0.2528,0.013
37,5,0.2449,-0.0048
37,6,0.2233,-0.0224
37,7,0.1825,-0.0408
37,8,0.1059,-0.067
37,9,0.035,-0.0854
37,10,-0.0632,-0.1019
37,11,-0.4102,-0.0103
37,12,-0.4019,0.0322
37,13,-0.1665,0.0331
37,14,0.075,0.039
37,15,-0.0117,0.0188
37,16,0.0926,-0.0086
37,17,-0.1432,-0.0182
38,0,-0.4868,0.0376
38,1,0.0145,0.0744
38,2,0.2315,0.0576
38,3,0.2463,0.039
38,4,0.2527,0.0143
38,5,0.2466,0.0
38,6,0.2285,-0.0178
38,7,0.1868,-0.0382
38,8,0.12,-0.0602
38,9,0.014,-0.0828
38,10,-0.096,-0.0979
38,11,-0.4053,-0.0083
38,12,-0.3932,0.0282
38,13,-0.153,0.0252
38,14,0.0769,0.0365
38,15,-0.0236,0.0192
38,16,0.0819,-0.0094
38,17,-0.1417,-0.0175
39,0,-0.4681,0.0267
39,1,0.0193,0.0801
39,2,0.2274,0.0661
39,3,0.2402,0.0517
39,4,0.249,0.03
39,5,0.2487,0.0093
39,6,0.2388,-0.0078
39,7,0.1901,-0.0408
39,8,0.1154,-0.0649
39,9,0.0358,-0.093
39,10,-0.0922,-0.1143
39,11,-0.4119,-0.0207
39,12,-0.3901,0.0205
39,13,-0.1749,0.028
39,14,0.0685,0.0439
39,15,-0.0261,0.0209
39,16,0.0726,-0.0088
39,17,-0.1425,-0.0269
40,0,-0.4708,0.0327
40,1,0.0546,0.0803
40,2,0.2318,0.0604
40,3,0.2454,0.0473
40,4,0.2528,0.0247
40,5,0.2488,0.0056
40,6,0.2253,-0.016
40,7,0.181,-0.04
40,8,0.1072,-0.0659
40,9,0.0325,-0.0918
40,10,-0.0733,-0.1075
40,11,-0.4125,-0.0175
40,12,-0.3964,0.0257
40,13,-0.1769,0.0264
40,14,0.0782,0.0456
40,15,-0.032,0.0199
40,16,0.0493,-0.0081
40,17,-0.145,-0.0218
41,0,-0.4681,0.0007
41,1,-0.0003,0.0884
41,2,0.212,0.0925
41,3,0.2365,0.0755
41,4,0.253,0.0482
41,5,0.2547,0.029
41,6,0.2428,0.0031
41,7,0.2044,-0.026
41,8,0.1192,-0.0625
41,9,0.0515,-0.0936
41,10,-0.0682,-0.1217
41,11,-0.397,-0.0443
41,12,-0.3857,0.0009
41,13,-0.1914,0.0123
41,14,0.0543,0.0404
41,15,-0.0266,0.0088
41,16,0.0521,-0.0126
41,17,-0.1431,-0.0391
42,0,-0.4716,0.0113
42,1,-0.0361,0.0801
42,2,0.2011,0.0886
42,3,0.2403,0.059
42,4,0.2478,0.035
42,5,0.2418,0.016
42,6,0.2306,-0.0017
42,7,0.1874,-0.0304
42,8,0.1155,-0.0642
42,9,0.0496,-0.0922
42,10,-0.043,-0.1309
42,11,-0.4147,-0.0391
42,12,-0.3963,0.0063
42,13,-0.1871,0.0211
42,14,0.0941,0.0519
42,15,-0.0092,0.0184
42,16,0.0798,0.0003
42,17,-0.13,-0.0296
43,0,-0.465,0.0189
43,1,0.0777,0.0958
43,2,0.2329,0.0615
43,3,0.2406,0.05
43,4,0.2516,0.0248
43,5,0.2474,0.0028
43,6,0.2232,-0.0239
43,7,0.1751,-0.0467
43,8,0.0905,-0.067
43,9,0.0085,-0.0866
43,10,-0.091,-0.1106
43,11,-0.4048,-0.0239
43,12,-0.3877,0.0175
43,13,-0.2037,0.0338
43,14,0.0961,0.0522
43,15,-0.0197,0.0285
43,16,0.0797,-0.007
43,17,-0.1514,-0.0198
44,0,-0.4725,0.0516
44,1,-0.0143,0.0813
44,2,0.2422,0.0488
44,3,0.2507,0.0382
44,4,0.2559,0.0186
44,5,0.2537,-0.0002
44,6,0.2367,-0.0236
44,7,0.1749,-0.0518
44,8,0.1033,-0.0718
44,9,0.0238,-0.0987
44,10,-0.0727,-0.1095
44,11,-0.4,0.0036
44,12,-0.3912,0.0449
44,13,-0.1666,0.0384
44,14,0.0829,0.042
44,15,-0.0183,0.0225
44,16,0.056,-0.0095
44,17,-0.1445,-0.0249
45,0,-0.47,0.0329
45,1,0.0211,0.074
45,2,0.2225,0.0573
45,3,0.238,0.0445
45,4,0.2463,0.0264
45,5,0.2464,0.0056
45,6,0.2289,-0.0202
45,7,0.1914,-0.0426
45,8,0.1183,-0.0646
45,9,0.0281,-0.0876
45,10,-0.084,-0.0974
45,11,-0.4163,-0.0049
45,12,-0.4033,0.0281
45,13,-0.1798,0.0299
45,14,0.0811,0.0398
45,15,-0.0269,0.0163
45,16,0.0871,-0.0149
45,17,-0.1289,-0.0229
46,0,-0.4763,0.0541
46,1,0.0198,0.0823
46,2,0.2385,0.0565
46,3,0.2495,0.0309
46,4,0.2487,0.0119
46,5,0.2414,-0.005
46,6,0.2247,-0.0242
46,7,0.1859,-0.0439
46,8,0.1116,-0.0648
46,9,0.035,-0.0872
46,10,-0.0774,-0.1079
46,11,-0.4132,-0.0092
46,12,-0.3855,0.0404
46,13,-0.1809,0.0317
46,14,0.0706,0.0405
46,15,-0.0278,0.0176
46,16,0.0771,-0.01
46,17,-0.1416,-0.0136
47,0,-0.465,0.0251
47,1,0.034,0.0867
47,2,0.2201,0.0688
47,3,0.2449,0.0413
47,4,0.2502,0.0272
47,5,0.2497,0.0056
47,6,0.2334,-0.0178
47,7,0.2017,-0.0396
47,8,0.1236,-0.0666
47,9,0.018,-0.088
47,10,-0.1076,-0.1018
47,11,-0.4067,-0.0178
47,12,-0.395,0.0173
47,13,-0.1924,0.0277
47,14,0.0536,0.0477
47,15,-0.011,0.0214
47,16,0.0727,-0.0081
47,17,-0.124,-0.0291
48,0,-0.4816,-0.0101
48,1,-0.0088,0.0787
48,2,0.2519,0.0669
48,3,0.2576,0.0565
48,4,0.2584,0.0363
48,5,0.2483,0.0188
48,6,0.2217,-0.0046
48,7,0.1745,-0.0324
48,8,0.1081,-0.058
48,9,0.0173,-0.0796
48,10,-0.1134,-0.0967
48,11,-0.399,-0.0323
48,12,-0.3859,-0.0026
48,13,-0.173,0.0227
48,14,0.0797,0.0444
48,15,-0.0026,0.0194
48,16,0.0714,-0.0012
48,17,-0.1245,-0.026
49,0,-0.4629,0.0336
49,1,0.0171,0.0795
49,2,0.2194,0.0704
49,3,0.2486,0.0437
49,4,0.2537,0.0236
49,5,0.2519,0.0026
49,6,0.2329,-0.016
49,7,0.202,-0.0353
49,8,0.1282,-0.0616
49,9,0.0354,-0.0929
49,10,-0.0687,-0.1047
49,11,-0.4003,-0.0198
49,12,-0.3796,0.0241
49,13,-0.2303,0.0291
49,14,0.0574,0.0373
49,15,-0.0315,0.0182
49,16,0.0682,-0.009
49,17,-0.1416,-0.0229
50,0,-0.4796,0.0445
50,1,0.0328,0.0897
50,2,0.2322,0.0526
50,3,0.2452,0.0328
50,4,0.2481,0.0158
50,5,0.246,-0.0086
50,6,0.2302,-0.0294
50,7,0.1887,-0.048
50,8,0.0998,-0.0674
50,9,0.0049,-0.0882
50,10,-0.092,-0.0998
50,11,-0.4136,-0.0102
50,12,-0.3879,0.0401
50,13,-0.166,0.0347
50,14,0.0839,0.0398
50,15,-0.0172,0.0234
50,16,0.0791,-0.0039
50,17,-0.1344,-0.0181
51,0,-0.4677,0.066
51,1,-0.0018,0.1009
51,2,0.2411,0.0573
51,3,0.2545,0.0301
51,4,0.2548,0.0037
51,5,0.2473,-0.0135
51,6,0.2332,-0.0313
51,7,0.1707,-0.062
51,8,0.1136,-0.0767
51,9,0.0222,-0.1042
51,10,-0.0559,-0.1135
51,11,-0.3919,0.017
51,12,-0.3774,0.062
51,13,-0.2083,0.0434
51,14,0.0839,0.0383
51,15,-0.0297,0.021
51,16,0.0527,-0.0203
51,17,-0.1415,-0.0183
52,0,-0.4727,0.0471
52,1,0.0132,0.0814
52,2,0.22,0.056
52,3,0.2417,0.0392
52,4,0.2517,0.0124
52,5,0.2487,-0.0071
52,6,0.2247,-0.0342
52,7,0.1889,-0.0556
52,8,0.1234,-0.0757
52,9,0.0366,-0.0924
52,10,-0.0722,-0.1071
52,11,-0.4056,0.017
52,12,-0.3994,0.0442
52,13,-0.1945,0.0406
52,14,0.0769,0.0411
52,15,-0.0155,0.0201
52,16,0.0568,-0.0137
52,17,-0.1228,-0.0132
53,0,-0.4807,0.0159
53,1,-0.0202,0.0827
53,2,0.2179,0.074
53,3,0.2367,0.0518
53,4,0.2462,0.0284
53,5,0.241,0.0037
53,6,0.2272,-0.013
53,7,0.1851,-0.0385
53,8,0.1207,-0.0622
53,9,0.0321,-0.0902
53,10,-0.0706,-0.106
53,11,-0.4145,-0.0256
53,12,-0.3957,0.0149
53,13,-0.1793,0.0264
53,14,0.0928,0.0493
53,15,-0.0085,0.0226
53,16,0.0943,-0.0077
53,17,-0.1245,-0.0265
54,0,-0.4692,0.0562
54,1,0.0113,0.0832
54,2,0.2364,0.0432
54,3,0.2471,0.0269
54,4,0.2512,0.0092
54,5,0.2441,-0.0114
54,6,0.2197,-0.0333
54,7,0.1746,-0.0524
54,8,0.101,-0.071
54,9,0.0188,-0.0892
54,10,-0.0895,-0.1013
54,11,-0.418,0.0126
54,12,-0.3956,0.0506
54,13,-0.1724,0.0422
54,14,0.1044,0.0406
54,15,-0.0057,0.0242
54,16,0.0756,-0.0119
54,17,-0.1337,-0.0188
55,0,-0.4647,0.0148
55,1,0.0328,0.0689
55,2,0.2379,0.0568
55,3,0.2523,0.043
55,4,0.2595,0.0223
55,5,0.2578,0.0052
55,6,0.2412,-0.0121
55,7,0.2027,-0.0352
55,8,0.1038,-0.053
55,9,0.0136,-0.0693
55,10,-0.1152,-0.0897
55,11,-0.3986,-0.0184
55,12,-0.3831,0.0119
55,13,-0.1813,0.0216
55,14,0.0656,0.039
55,15,-0.0403,0.0181
55,16,0.0736,-0.0065
55,17,-0.1577,-0.0176
56,0,-0.4643,0.0376
56,1,-0.0249,0.0706
56,2,0.2336,0.0638
56,3,0.2522,0.0424
56,4,0.2586,0.0186
56,5,0.2564,-0.0016
56,6,0.2379,-0.022
56,7,0.1841,-0.0415
56,8,0.1089,-0.0615
56,9,0.03,-0.0845
56,10,-0.0898,-0.0983
56,11,-0.4106,-0.006
56,12,-0.3895,0.0278
56,13,-0.1702,0.0248
56,14,0.0759,0.0394
56,15,-0.015,0.017
56,16,0.0744,-0.0099
56,17,-0.1477,-0.0166
57,0,-0.4828,0.0392
57,1,-0.0177,0.0874
57,2,0.2484,0.0501
57,3,0.2576,0.0349
57,4,0.2591,0.0166
57,5,0.2516,-0.005
57,6,0.2218,-0.0278
57,7,0.1684,-0.0531
57,8,0.1035,-0.067
57,9,0.0279,-0.0888
57,10,-0.0751,-0.1052
57,11,-0.3931,-0.0032
57,12,-0.3969,0.042
57,13,-0.1688,0.0401
57,14,0.0818,0.0463
57,15,-0.0094,0.0226
57,16,0.0521,-0.0059
57,17,-0.1285,-0.0232
58,0,-0.4712,0.0489
58,1,0.0625,0.0804
58,2,0.2222,0.0592
58,3,0.2441,0.0367
58,4,0.2491,0.0157
58,5,0.2467,-0.0018
58,6,0.2327,-0.0224
58,7,0.1965,-0.0425
58,8,0.1163,-0.0686
58,9,0.0347,-0.093
58,10,-0.0869,-0.1097
58,11,-0.4093,0.0021
58,12,-0.3883,0.0349
58,13,-0.1725,0.0325
58,14,0.0504,0.0387
58,15,-0.0392,0.0198
58,16,0.0675,-0.0162
58,17,-0.1555,-0.0148
59,0,-0.4829,-0.011
59,1,-0.0098,0.0702
59,2,0.2305,0.0864
59,3,0.2584,0.0618
59,4,0.257,0.0425
59,5,0.2426,0.0193
59,6,0.2192,0.0022
59,7,0.1676,-0.0241
59,8,0.1095,-0.0453
59,9,0.0244,-0.0772
59,10,-0.0597,-0.0994
59,11,-0.4056,-0.0417
59,12,-0.4,-0.0105
59,13,-0.1811,0.0104
59,14,0.0829,0.0435
59,15,-0.0125,0.0117
59,16,0.0856,-0.0066
59,17,-0.1262,-0.032
60,0,-0.4763,0.0391
60,1,0.0399,0.0951
60,2,0.2294,0.0748
60,3,0.2498,0.0509
60,4,0.2521,0.0178
60,5,0.2452,-0.0041
60,6,0.22,-0.0252
60,7,0.1877,-0.0446
60,8,0.1021,-0.0731
60,9,0.0172,-0.1043
60,10,-0.1109,-0.1183
60,11,-0.3956,-0.0066
60,12,-0.3835,0.0327
60,13,-0.1856,0.0394
60,14,0.0696,0.0482
60,15,-0.014,0.021
60,16,0.0847,-0.0112
60,17,-0.1318,-0.0316
61,0,-0.4617,0.0257
61,1,-0.0363,0.0805
61,2,0.2449,0.0659
61,3,0.2606,0.0389
61,4,0.2588,0.0255
61,5,0.2505,0.0054
61,6,0.2316,-0.0157
61,7,0.1783,-0.0465
61,8,0.1121,-0.069
61,9,0.032,-0.0931
61,10,-0.0929,-0.1131
61,11,-0.4029,-0.0125
61,12,-0.3868,0.0196
61,13,-0.1833,0.0295
61,14,0.0735,0.0539
61,15,-0.0217,0.025
61,16,0.0709,-0.0047
61,17,-0.1278,-0.0153
62,0,-0.4899,-0.0062
62,1,0.012,0.0676
62,2,0.2322,0.0679
62,3,0.2437,0.0543
62,4,0.2506,0.0304
62,5,0.2433,0.0098
62,6,0.2302,-0.0042
62,7,0.1901,-0.0281
62,8,0.1227,-0.0547
62,9,0.0281,-0.0743
62,10,-0.0746,-0.087
62,11,-0.4098,-0.0256
62,12,-0.3979,-0.0004
62,13,-0.1563,0.0184
62,14,0.0717,0.0423
62,15,-0.0308,0.0153
62,16,0.0716,-0.0061
62,17,-0.1369,-0.0194
63,0,-0.4755,0.0458
63,1,0.0115,0.0887
63,2,0.2387,0.0626
63,3,0.258,0.0351
63,4,0.2607,0.0113
63,5,0.2531,-0.0061
63,6,0.2338,-0.0283
63,7,0.1817,-0.0528
63,8,0.0846,-0.0718
63,9,0.0053,-0.0886
63,10,-0.0847,-0.0995
63,11,-0.399,-0.0003
63,12,-0.3796,0.0437
63,13,-0.187,0.0389
63,14,0.076,0.0427
63,15,-0.0087,0.0158
63,16,0.0698,-0.019
63,17,-0.1387,-0.018
64,0,-0.4869,0.0242
64,1,-0.0225,0.0761
64,2,0.235,0.0677
64,3,0.2443,0.056
64,4,0.2491,0.0389
64,5,0.2493,0.0173
64,6,0.2331,-0.0081
64,7,0.1806,-0.0367
64,8,0.1241,-0.0617
64,9,0.0381,-0.0926
64,10,-0.0605,-0.1162
64,11,-0.3956,-0.0361
64,12,-0.3832,0.0226
64,13,-0.1822,0.0248
64,14,0.0825,0.0473
64,15,-0.0211,0.0178
64,16,0.0552,-0.0041
64,17,-0.1393,-0.037
65,0,-0.4734,0.0418
65,1,0.012,0.076
65,2,0.2281,0.0557
65,3,0.2417,0.0392
65,4,0.2475,0.0208
65,5,0.2471,0.0067
65,6,0.2335,-0.0141
65,7,0.1969,-0.0382
65,8,0.1173,-0.0641
65,9,0.0343,-0.0854
65,10,-0.1142,-0.0941
65,11,-0.4119,-0.0102
65,12,-0.3943,0.026
65,13,-0.1705,0.0265
65,14,0.0578,0.0328
65,15,-0.0101,0.0157
65,16,0.0916,-0.0131
65,17,-0.1334,-0.0221
66,0,-0.4733,0.0634
66,1,0.0375,0.0889
66,2,0.2215,0.0532
66,3,0.2409,0.0342
66,4,0.2528,0.0053
66,5,0.2475,-0.0172
66,6,0.2245,-0.0341
66,7,0.1735,-0.0584
66,8,0.0939,-0.072
66,9,0.0066,-0.0898
66,10,-0.1113,-0.101
66,11,-0.4122,0.0161
66,12,-0.3891,0.052
66,13,-0.1736,0.0397
66,14,0.1103,0.0418
66,15,-0.011,0.0195
66,16,0.0908,-0.0196
66,17,-0.1295,-0.022
67,0,-0.4745,-0.0048
67,1,-0.018,0.0739
67,2,0.2023,0.0863
67,3,0.2362,0.0689
67,4,0.2474,0.0435
67,5,0.2454,0.0244
67,6,0.237,0.0076
67,7,0.1946,-0.0248
67,8,0.1253,-0.055
67,9,0.0461,-0.0881
67,10,-0.0717,-0.1084
67,11,-0.4133,-0.0474
67,12,-0.4007,-0.0074
67,13,-0.1827,0.0092
67,14,0.0698,0.0415
67,15,-0.0069,0.015
67,16,0.083,-0.0029
67,17,-0.1193,-0.0316
68,0,-0.4682,0.0363
68,1,0.0162,0.0848
68,2,0.222,0.0626
68,3,0.2528,0.0392
68,4,0.2574,0.0164
68,5,0.2491,-0.0044
68,6,0.2243,-0.0272
68,7,0.1727,-0.0476
68,8,0.1078,-0.0619
68,9,0.0231,-0.081
68,10,-0.0979,-0.0994
68,11,-0.409,-0.0105
68,12,-0.3968,0.031
68,13,-0.1951,0.0358
68,14,0.0985,0.0423
68,15,-0.0013,0.0195
68,16,0.0729,-0.011
68,17,-0.1284,-0.0248
69,0,-0.4863,0.0295
69,1,0.0127,0.0793
69,2,0.2191,0.065
69,3,0.2358,0.0459
69,4,0.2457,0.024
69,5,0.2417,0.0087
69,6,0.2301,-0.0121
69,7,0.1995,-0.036
69,8,0.1184,-0.063
69,9,0.0296,-0.0845
69,10,-0.0793,-0.1054
69,11,-0.4148,-0.0143
69,12,-0.3983,0.0188
69,13,-0.1556,0.0227
69,14,0.0775,0.0426
69,15,-0.0229,0.0174
69,16,0.0789,-0.0132
69,17,-0.132,-0.0255
70,0,-0.4737,0.0113
70,1,0.005,0.0868
70,2,0.2235,0.0796
70,3,0.2462,0.0555
70,4,0.25,0.033
70,5,0.2454,0.0145
70,6,0.2256,-0.0071
70,7,0.1972,-0.0254
70,8,0.1149,-0.0624
70,9,0.0369,-0.0947
70,10,-0.088,-0.1198
70,11,-0.406,-0.0291
70,12,-0.3921,0.0033
70,13,-0.1731,0.0192
70,14,0.0698,0.0518
70,15,-0.0206,0.0244
70,16,0.0761,-0.0092
70,17,-0.1368,-0.0317
71,0,-0.4874,-0.0215
71,1,-0.0026,0.0984
71,2,0.2117,0.0955
71,3,0.2368,0.0724
71,4,0.2441,0.0511
71,5,0.2405,0.0297
71,6,0.2309,0.0125
71,7,0.1885,-0.0225
71,8,0.1217,-0.0534
71,9,0.0463,-0.0908
71,10,-0.051,-0.1233
71,11,-0.3904,-0.0572
71,12,-0.3866,-0.0109
71,13,-0.2039,0.0073
71,14,0.0774,0.0526
71,15,-0.0172,0.015
71,16,0.072,-0.0079
71,17,-0.1308,-0.0471
72,0,-0.4795,0.0247
72,1,0.0091,0.0831
72,2,0.2254,0.0679
72,3,0.2418,0.0477
72,4,0.2478,0.026
72,5,0.2434,0.0069
72,6,0.2229,-0.0137
72,7,0.1698,-0.0435
72,8,0.1011,-0.0675
72,9,0.0302,-0.0889
72,10,-0.0886,-0.1022
72,11,-0.4144,-0.0192
72,12,-0.3939,0.0218
72,13,-0.1871,0.0307
72,14,0.1069,0.0493
72,15,-0.007,0.0188
72,16,0.0938,-0.0142
72,17,-0.1216,-0.028
73,0,-0.4812,0.0565
73,1,-0.0083,0.0817
73,2,0.2518,0.0414
73,3,0.2618,0.0231
73,4,0.2579,0.0073
73,5,0.2441,-0.0147
73,6,0.2224,-0.0303
73,7,0.1684,-0.0514
73,8,0.0983,-0.071
73,9,0.0396,-0.0905
73,10,-0.0744,-0.1091
73,11,-0.3931,0.004
73,12,-0.3867,0.0503
73,13,-0.1847,0.0468
73,14,0.0925,0.0426
73,15,-0.0247,0.0228
73,16,0.0492,-0.0054
73,17,-0.1331,-0.0041
74,0,-0.4993,0.0324
74,1,0.0385,0.0888
74,2,0.2101,0.0738
74,3,0.2442,0.0458
74,4,0.2478,0.0201
74,5,0.2385,-0.0078
74,6,0.2092,-0.0311
74,7,0.1675,-0.0509
74,8,0.1004,-0.07
74,9,0.0204,-0.0891
74,10,-0.0874,-0.1027
74,11,-0.4197,-0.012
74,12,-0.3998,0.0311
74,13,-0.1515,0.0383
74,14,0.0957,0.0439
74,15,0.009,0.0234
74,16,0.0858,-0.0101
74,17,-0.1094,-0.0239
75,0,-0.493,0.0009
75,1,0.0098,0.085
75,2,0.2238,0.0734
75,3,0.2375,0.0589
75,4,0.2455,0.0384
75,5,0.2455,0.0211
75,6,0.2315,-0.0059
75,7,0.1734,-0.0333
75,8,0.1027,-0.0571
75,9,0.0428,-0.0851
75,10,-0.0623,-0.1083
75,11,-0.4081,-0.0362
75,12,-0.3975,0.0072
75,13,-0.1826,0.0205
75,14,0.0913,0.0498
75,15,-0.0073,0.0133
75,16,0.061,-0.0098
75,17,-0.114,-0.0327
76,0,-0.4792,0.0348
76,1,0.0304,0.0869
76,2,0.214,0.0581
76,3,0.23,0.0414
76,4,0.2386,0.0231
76,5,0.2373,0.0049
76,6,0.2247,-0.014
76,7,0.1851,-0.0421
76,8,0.1217,-0.0651
76,9,0.0216,-0.0856
76,10,-0.0886,-0.1011
76,11,-0.4228,-0.0215
76,12,-0.3953,0.0281
76,13,-0.1876,0.03
76,14,0.1045,0.0452
76,15,-0.0007,0.0172
76,16,0.0934,-0.0135
76,17,-0.1271,-0.0268
77,0,-0.4881,0.0362
77,1,0.0112,0.0821
77,2,0.2292,0.0667
77,3,0.2434,0.0459
77,4,0.2498,0.0225
77,5,0.2441,0.0014
77,6,0.2256,-0.0232
77,7,0.186,-0.0492
77,8,0.1195,-0.0705
77,9,0.014,-0.0947
77,10,-0.0906,-0.102
77,11,-0.4026,-0.0068
77,12,-0.3875,0.0336
77,13,-0.1753,0.0313
77,14,0.081,0.0459
77,15,-0.0129,0.0188
77,16,0.0793,-0.0134
77,17,-0.1262,-0.0247
78,0,-0.4808,0.0257
78,1,0.0119,0.0828
78,2,0.2359,0.0674
78,3,0.2512,0.0466
78,4,0.2487,0.0253
78,5,0.2389,0.0053
78,6,0.219,-0.015
78,7,0.1791,-0.0401
78,8,0.1275,-0.0625
78,9,0.0294,-0.0893
78,10,-0.0727,-0.106
78,11,-0.401,-0.0194
78,12,-0.4092,0.0233
78,13,-0.1771,0.0352
78,14,0.0698,0.0404
78,15,-0.0148,0.0155
78,16,0.0663,-0.0123
78,17,-0.1222,-0.0228
79,0,-0.4854,-0.016
79,1,0.0061,0.0899
79,2,0.2144,0.0921
79,3,0.2502,0.0634
79,4,0.2546,0.0396
79,5,0.2495,0.0239
79,6,0.2275,0.0048
79,7,0.1833,-0.0226
79,8,0.1243,-0.0512
79,9,0.0498,-0.0852
79,10,-0.074,-0.1218
79,11,-0.3882,-0.0466
79,12,-0.3775,-0.0073
79,13,-0.2143,0.0109
79,14,0.0727,0.0477
79,15,-0.0267,0.016
79,16,0.0627,-0.0037
79,17,-0.1292,-0.0337
80,0,-0.477,0.0323
80,1,0.0028,0.0796
80,2,0.2192,0.06
80,3,0.2403,0.0375
80,4,0.2502,0.0177
80,5,0.2468,0.0028
80,6,0.2361,-0.0172
80,7,0.1945,-0.0413
80,8,0.1137,-0.0629
80,9,0.0326,-0.0831
80,10,-0.0776,-0.1016
80,11,-0.4146,-0.0084
80,12,-0.3839,0.0274
80,13,-0.2006,0.0291
80,14,0.0822,0.0417
80,15,-0.0149,0.02
80,16,0.0785,-0.0103
80,17,-0.1282,-0.0233
81,0,-0.4625,0.0125
81,1,0.0122,0.0972
81,2,0.2143,0.0808
81,3,0.2348,0.0651
81,4,0.2503,0.041
81,5,0.2534,0.0207
81,6,0.2349,-0.0058
81,7,0.198,-0.0317
81,8,0.1238,-0.0673
81,9,0.0546,-0.1022
81,10,-0.0467,-0.1261
81,11,-0.4013,-0.0416
81,12,-0.382,0.0075
81,13,-0.2137,0.0199
81,14,0.0583,0.0513
81,15,-0.0247,0.0182
81,16,0.0494,-0.0079
81,17,-0.1531,-0.0316
82,0,-0.4883,-0.0152
82,1,-0.0164,0.0892
82,2,0.2108,0.0868
82,3,0.2351,0.0724
82,4,0.248,0.0471
82,5,0.241,0.0243
82,6,0.2141,-0.0064
82,7,0.1917,-0.0298
82,8,0.1307,-0.0653
82,9,0.0442,-0.098
82,10,-0.078,-0.1146
82,11,-0.3971,-0.0369
82,12,-0.3903,-0.0044
82,13,-0.1827,0.0154
82,14,0.0974,0.0553
82,15,-0.0215,0.017
82,16,0.0864,-0.0036
82,17,-0.1253,-0.0333
83,0,-0.4668,0.057
83,1,0.0029,0.0886
83,2,0.239,0.0506
83,3,0.2567,0.0261
83,4,0.2587,0.0026
83,5,0.2436,-0.0248
83,6,0.2192,-0.0429
83,7,0.1795,-0.0629
83,8,0.1235,-0.0753
83,9,0.0217,-0.0877
83,10,-0.0879,-0.0963
83,11,-0.411,0.0186
83,12,-0.3814,0.0537
83,13,-0.1887,0.0495
83,14,0.0936,0.0451
83,15,-0.0185,0.0264
83,16,0.0418,-0.0133
83,17,-0.1261,-0.0149
84,0,-0.4812,0.0442
84,1,0.0448,0.0968
84,2,0.2255,0.0617
84,3,0.2478,0.0425
84,4,0.2591,0.018
84,5,0.2498,-0.0017
84,6,0.2289,-0.0281
84,7,0.1867,-0.0532
84,8,0.1105,-0.0763
84,9,0.0286,-0.0992
84,10,-0.0938,-0.1047
84,11,-0.392,0.0044
84,12,-0.3772,0.0462
84,13,-0.1932,0.0398
84,14,0.0649,0.0383
84,15,-0.0299,0.018
84,16,0.06,-0.0188
84,17,-0.1393,-0.0281
85,0,-0.4611,0.0127
85,1,0.0154,0.0912
85,2,0.237,0.0709
85,3,0.2518,0.0454
85,4,0.2528,0.0309
85,5,0.2509,0.0117
85,6,0.2381,-0.007
85,7,0.1968,-0.0369
85,8,0.1009,-0.0629
85,9,0.0191,-0.0904
85,10,-0.0797,-0.1074
85,11,-0.4117,-0.0313
85,12,-0.3981,0.005
85,13,-0.1649,0.0262
85,14,0.0475,0.0479
85,15,-0.0288,0.0249
85,16,0.0693,-0.0046
85,17,-0.1354,-0.0264
86,0,-0.4746,-0.0102
86,1,-0.0048,0.0982
86,2,0.229,0.0868
86,3,0.2432,0.0694
86,4,0.2495,0.0465
86,5,0.245,0.0269
86,6,0.2298,0.0018
86,7,0.1892,-0.0311
86,8,0.1274,-0.0604
86,9,0.0578,-0.0941
86,10,-0.0414,-0.1274
86,11,-0.393,-0.0612
86,12,-0.3824,0.0085
86,13,-0.1932,0.0158
86,14,0.0533,0.0491
86,15,-0.0299,0.0185
86,16,0.0498,-0.0022
86,17,-0.1549,-0.0351
87,0,-0.47,0.0346
87,1,0.0075,0.0853
87,2,0.2372,0.0643
87,3,0.2583,0.0437
87,4,0.2639,0.0246
87,5,0.2569,-0.0012
87,6,0.2319,-0.0174
87,7,0.1824,-0.042
87,8,0.1036,-0.066
87,9,0.0394,-0.0887
87,10,-0.063,-0.1144
87,11,-0.3993,-0.0161
87,12,-0.3864,0.0292
87,13,-0.171,0.0321
87,14,0.0501,0.0412
87,15,-0.0248,0.0161
87,16,0.0472,-0.0097
87,17,-0.1638,-0.0155
88,0,-0.4789,0.0466
88,1,0.0268,0.0831
88,2,0.2438,0.0371
88,3,0.2548,0.0207
88,4,0.2559,0.002
88,5,0.2477,-0.0151
88,6,0.2317,-0.0271
88,7,0.1799,-0.0469
88,8,0.1011,-0.0651
88,9,0.0353,-0.0829
88,10,-0.0892,-0.0917
88,11,-0.4086,0.0069
88,12,-0.401,0.0471
88,13,-0.1455,0.0405
88,14,0.0471,0.0396
88,15,-0.0206,0.0232
88,16,0.0565,-0.0062
88,17,-0.1368,-0.0116
89,0,-0.469,0.0593
89,1,0.0698,0.0872
89,2,0.2319,0.0416
89,3,0.2512,0.0188
89,4,0.2517,-0.0043
89,5,0.2471,-0.0202
89,6,0.2183,-0.0396
89,7,0.177,-0.0567
89,8,0.1112,-0.071
89,9,0.0155,-0.0877
89,10,-0.1024,-0.0898
89,11,-0.4069,0.0179
89,12,-0.3957,0.0535
89,13,-0.1706,0.043
89,14,0.0837,0.0418
89,15,-0.0302,0.0247
89,16,0.0648,-0.0124
89,17,-0.1475,-0.006
90,0,-0.4802,-0.0309
90,1,-0.0233,0.0907
90,2,0.2213,0.0933
90,3,0.2414,0.0753
90,4,0.2467,0.0519
90,5,0.2403,0.0348
90,6,0.2267,0.0144
90,7,0.19,-0.0138
90,8,0.1237,-0.0532
90,9,0.0422,-0.0917
90,10,-0.0573,-0.1295
90,11,-0.4019,-0.0754
90,12,-0.3867,-0.0167
90,13,-0.1757,0.0123
90,14,0.0683,0.0591
90,15,-0.012,0.022
90,16,0.0642,0.0026
90,17,-0.1275,-0.0454
91,0,-0.4779,0.0343
91,1,-0.0051,0.0874
91,2,0.2188,0.0711
91,3,0.2418,0.0494
91,4,0.2468,0.0277
91,5,0.2444,0.0099
91,6,0.2258,-0.0153
91,7,0.1875,-0.0437
91,8,0.122,-0.074
91,9,0.03,-0.101
91,10,-0.0978,-0.1141
91,11,-0.4076,-0.0196
91,12,-0.3892,0.0245
91,13,-0.1812,0.0342
91,14,0.0914,0.0433
91,15,-0.016,0.0187
91,16,0.0841,-0.0124
91,17,-0.118,-0.0206
92,0,-0.4656,0.0404
92,1,0.0042,0.0833
92,2,0.2235,0.0551
92,3,0.2493,0.0348
92,4,0.2565,0.0143
92,5,0.2524,-0.0079
92,6,0.2341,-0.0255
92,7,0.198,-0.0432
92,8,0.1148,-0.0632
92,9,0.03,-0.0813
92,10,-0.0854,-0.1019
92,11,-0.4114,-0.0068
92,12,-0.3884,0.0291
92,13,-0.1832,0.0313
92,14,0.0617,0.039
92,15,-0.0179,0.0219
92,16,0.076,-0.0099
92,17,-0.1484,-0.0095
93,0,-0.4952,-0.0307
93,1,-0.0084,0.088
93,2,0.2071,0.0946
93,3,0.2316,0.0816
93,4,0.2467,0.0549
93,5,0.2453,0.0383
93,6,0.2234,0.0091
93,7,0.1754,-0.0252
93,8,0.1271,-0.0547
93,9,0.0341,-0.0909
93,10,-0.0819,-0.1079
93,11,-0.3926,-0.064
93,12,-0.3841,-0.0171
93,13,-0.1796,0.0081
93,14,0.1004,0.0557
93,15,-0.0091,0.0132
93,16,0.0923,-0.0063
93,17,-0.1324,-0.0468
94,0,-0.4698,0.0335
94,1,-0.0216,0.0792
94,2,0.2474,0.0542
94,3,0.2598,0.0366
94,4,0.2638,0.0178
94,5,0.2596,-0.0003
94,6,0.2374,-0.0203
94,7,0.1819,-0.0429
94,8,0.1096,-0.0649
94,9,0.0342,-0.0885
94,10,-0.0859,-0.0998
94,11,-0.3934,-0.0067
94,12,-0.3849,0.0245
94,13,-0.1768,0.0324
94,14,0.0505,0.0429
94,15,-0.0276,0.0247
94,16,0.061,-0.0049
94,17,-0.1454,-0.0177
95,0,-0.4671,0.0312
95,1,-0.0061,0.0664
95,2,0.2297,0.0527
95,3,0.2486,0.0341
95,4,0.252,0.0135
95,5,0.2493,0.0015
95,6,0.2372,-0.0153
95,7,0.1981,-0.039
95,8,0.1311,-0.0586
95,9,0.039,-0.0802
95,10,-0.0883,-0.0946
95,11,-0.406,-0.0092
95,12,-0.3842,0.0282
95,13,-0.1979,0.0305
95,14,0.0683,0.0382
95,15,-0.0176,0.0225
95,16,0.0693,-0.0105
95,17,-0.1554,-0.0115
96,0,-0.4496,0.0251
96,1,0.0418,0.0929
96,2,0.2379,0.0655
96,3,0.2481,0.0523
96,4,0.2581,0.0299
96,5,0.2557,0.0055
96,6,0.2381,-0.0173
96,7,0.1991,-0.0432
96,8,0.1126,-0.0703
96,9,0.0403,-0.0928
96,10,-0.0848,-0.1123
96,11,-0.399,-0.0242
96,12,-0.3887,0.0212
96,13,-0.18,0.0272
96,14,0.0494,0.0466
96,15,-0.0371,0.0209
96,16,0.0319,-0.0083
96,17,-0.1738,-0.0188
97,0,-0.4752,0.0313
97,1,-0.0129,0.0794
97,2,0.2411,0.0647
97,3,0.263,0.0408
97,4,0.2667,0.0187
97,5,0.2589,0.0001
97,6,0.2373,-0.0218
97,7,0.1823,-0.0483
97,8,0.1101,-0.0685
97,9,0.0322,-0.0905
97,10,-0.0857,-0.1034
97,11,-0.3916,-0.0011
97,12,-0.3707,0.0294
97,13,-0.1594,0.0302
97,14,0.0684,0.0464
97,15,-0.04,0.0168
97,16,0.0472,-0.0064
97,17,-0.1714,-0.0179
98,0,-0.4805,0.031
98,1,0.0152,0.0817
98,2,0.2335,0.0515
98,3,0.2456,0.0339
98,4,0.251,0.0165
98,5,0.2463,-0.002
98,6,0.224,-0.0203
98,7,0.1898,-0.0367
98,8,0.1122,-0.0542
98,9,0.0281,-0.0775
98,10,-0.0741,-0.0984
98,11,-0.4098,-0.0139
98,12,-0.3935,0.024
98,13,-0.1848,0.0289
98,14,0.0663,0.0398
98,15,-0.0167,0.0198
98,16,0.0885,-0.0078
98,17,-0.1409,-0.0163
99,0,-0.459,0.0473
99,1,-0.0082,0.0763
99,2,0.2412,0.0497
99,3,0.2554,0.0312
99,4,0.2586,0.0137
99,5,0.2549,-0.0042
99,6,0.2314,-0.0258
99,7,0.1965,-0.0468
99,8,0.1246,-0.0728
99,9,0.0303,-0.09
99,10,-0.093,-0.103
99,11,-0.3969,0.0077
99,12,-0.3798,0.0425
99,13,-0.2065,0.0362
99,14,0.0579,0.0396
99,15,-0.0358,0.0229
99,16,0.0666,-0.0084
99,17,-0.1383,-0.0161
100,0,-0.4465,0.0572
100,1,0.0411,0.0848
100,2,0.2502,0.0521
100,3,0.2663,0.0287
100,4,0.2668,0.0076
100,5,0.2608,-0.0132
100,6,0.2354,-0.0369
100,7,0.1695,-0.0604
100,8,0.092,-0.0708
100,9,0.0016,-0.0921
100,10,-0.1146,-0.0914
100,11,-0.4002,0.0082
100,12,-0.3877,0.0479
100,13,-0.1849,0.0425
100,14,0.0621,0.0415
100,15,-0.0326,0.0214
100,16,0.0604,-0.0142
100,17,-0.1397,-0.0129
101,0,-0.4675,0.0358
101,1,0.0076,0.089
101,2,0.2398,0.0591
101,3,0.253,0.0387
101,4,0.253,0.016
101,5,0.2435,-0.0025
101,6,0.2281,-0.0208
101,7,0.1904,-0.045
101,8,0.1145,-0.0676
101,9,0.0441,-0.0922
101,10,-0.0861,-0.1011
101,11,-0.405,-0.0034
101,12,-0.4006,0.0308
101,13,-0.1777,0.0344
101,14,0.0503,0.0428
101,15,-0.0234,0.02
101,16,0.0666,-0.0124
101,17,-0.1306,-0.0216
102,0,-0.4888,0.042
102,1,0.031,0.0749
102,2,0.232,0.0461
102,3,0.2452,0.0355
102,4,0.249,0.0209
102,5,0.2463,-0.0001
102,6,0.2282,-0.0249
102,7,0.1735,-0.0509
102,8,0.1146,-0.0649
102,9,0.0404,-0.0844
102,10,-0.0664,-0.1011
102,11,-0.4162,0.011
102,12,-0.396,0.0379
102,13,-0.1586,0.0274
102,14,0.0461,0.0383
102,15,-0.0118,0.0157
102,16,0.0706,-0.0104
102,17,-0.1394,-0.0132
103,0,-0.4607,0.0433
103,1,-0.0028,0.0881
103,2,0.2367,0.0578
103,3,0.2565,0.038
103,4,0.2685,0.0039
103,5,0.2615,-0.0101
103,6,0.2378,-0.0312
103,7,0.1889,-0.0549
103,8,0.1104,-0.0715
103,9,0.0204,-0.0899
103,10,-0.0858,-0.0956
103,11,-0.3957,-0.0012
103,12,-0.3755,0.0427
103,13,-0.1941,0.042
103,14,0.046,0.0436
103,15,-0.0207,0.0213
103,16,0.0641,-0.0091
103,17,-0.1553,-0.0172
104,0,-0.474,0.0362
104,1,0.0148,0.0902
104,2,0.241,0.0524
104,3,0.2495,0.0367
104,4,0.2536,0.015
104,5,0.2499,-0.0044
104,6,0.2304,-0.0224
104,7,0.1789,-0.0498
104,8,0.119,-0.0697
104,9,0.0377,-0.0896
104,10,-0.0732,-0.1019
104,11,-0.399,-0.0067
104,12,-0.3906,0.0306
104,13,-0.189,0.0359
104,14,0.0466,0.046
104,15,-0.0228,0.0254
104,16,0.0727,-0.0101
104,17,-0.1455,-0.014
105,0,-0.4668,0.0618
105,1,0.0094,0.0873
105,2,0.2422,0.0529
105,3,0.2512,0.0324
105,4,0.2543,0.005
105,5,0.249,-0.0107
105,6,0.2352,-0.031
105,7,0.1858,-0.057
105,8,0.1074,-0.0749
105,9,0.027,-0.0931
105,10,-0.0583,-0.1068
105,11,-0.4072,0.0148
105,12,-0.3952,0.0506
105,13,-0.1745,0.0392
105,14,0.0449,0.0349
105,15,-0.0158,0.0211
105,16,0.0501,-0.0115
105,17,-0.1385,-0.0147
106,0,-0.4715,0.0348
106,1,0.0383,0.097
106,2,0.2271,0.0693
106,3,0.2476,0.0416
106,4,0.2507,0.0204
106,5,0.2462,0.0005
106,6,0.2329,-0.0169
106,7,0.1895,-0.0447
106,8,0.1317,-0.0662
106,9,0.0419,-0.0952
106,10,-0.0667,-0.114
106,11,-0.4058,-0.0158
106,12,-0.3849,0.0256
106,13,-0.1853,0.0312
106,14,0.0307,0.0462
106,15,-0.0225,0.0202
106,16,0.053,-0.0107
106,17,-0.153,-0.0232
107,0,-0.459,0.0148
107,1,0.0363,0.0863
107,2,0.226,0.0699
107,3,0.248,0.0478
107,4,0.2538,0.026
107,5,0.2493,0.0091
107,6,0.2424,-0.0048
107,7,0.1848,-0.0373
107,8,0.1359,-0.0516
107,9,0.0476,-0.0813
107,10,-0.0687,-0.1059
107,11,-0.4071,-0.023
107,12,-0.3946,0.0101
107,13,-0.2028,0.0189
107,14,0.0294,0.0402
107,15,-0.023,0.0168
107,16,0.0519,-0.0071
107,17,-0.1502,-0.0288
108,0,-0.4555,0.0398
108,1,0.047,0.0891
108,2,0.2562,0.0561
108,3,0.2701,0.039
108,4,0.268,0.0145
108,5,0.2584,-0.0016
108,6,0.232,-0.0199
108,7,0.1668,-0.0458
108,8,0.1151,-0.0631
108,9,0.0296,-0.0835
108,10,-0.0592,-0.099
108,11,-0.3938,-0.0068
108,12,-0.3848,0.0315
108,13,-0.2053,0.0334
108,14,0.0194,0.0418
108,15,-0.0607,0.0127
108,16,0.0395,-0.0129
108,17,-0.1427,-0.0254
109,0,-0.4667,0.0415
109,1,0.0338,0.0789
109,2,0.2422,0.0496
109,3,0.2538,0.0348
109,4,0.2566,0.0152
109,5,0.247,-0.0006
109,6,0.2342,-0.0169
109,7,0.1996,-0.0404
109,8,0.1256,-0.0646
109,9,0.0298,-0.0862
109,10,-0.0508,-0.0996
109,11,-0.4027,-0.0035
109,12,-0.3905,0.0319
109,13,-0.1961,0.0325
109,14,0.0087,0.0352
109,15,-0.0277,0.0175
109,16,0.0499,-0.0075
109,17,-0.1466,-0.0177
110,0,-0.4672,0.0148
110,1,-0.0006,0.0759
110,2,0.245,0.0556
110,3,0.2527,0.0457
110,4,0.2575,0.026
110,5,0.2521,0.0083
110,6,0.2378,-0.011
110,7,0.1833,-0.0363
110,8,0.1208,-0.0568
110,9,0.0466,-0.0793
110,10,-0.0694,-0.0989
110,11,-0.4047,-0.0193
110,12,-0.3958,0.0109
110,13,-0.1872,0.0241
110,14,0.0241,0.0417
110,15,-0.0231,0.0205
110,16,0.0664,-0.0083
110,17,-0.1382,-0.0136
111,0,-0.4677,0.0403
111,1,0.0196,0.0881
111,2,0.2339,0.0595
111,3,0.2494,0.0417
111,4,0.2516,0.0225
111,5,0.25,0.004
111,6,0.2268,-0.0213
111,7,0.1892,-0.0451
111,8,0.1276,-0.0688
111,9,0.0479,-0.0954
111,10,-0.0531,-0.1165
111,11,-0.4007,-0.006
111,12,-0.3897,0.0315
111,13,-0.1988,0.0346
111,14,0.0346,0.0453
111,15,-0.0262,0.0179
111,16,0.0552,-0.0111
111,17,-0.1495,-0.0211
112,0,-0.4564,0.0647
112,1,0.0275,0.0924
112,2,0.2515,0.0403
112,3,0.2605,0.0205
112,4,0.2628,-0.0063
112,5,0.253,-0.0233
112,6,0.2335,-0.0405
112,7,0.1908,-0.0613
112,8,0.0918,-0.0767
112,9,0.006,-0.0898
112,10,-0.0921,-0.0952
112,11,-0.3958,0.0241
112,12,-0.3816,0.0571
112,13,-0.1921,0.0501
112,14,0.0472,0.0384
112,15,-0.019,0.0215
112,16,0.0587,-0.0154
112,17,-0.1462,-0.0008
113,0,-0.4751,0.0569
113,1,0.0052,0.0783
113,2,0.2519,0.0382
113,3,0.2542,0.0256
113,4,0.2513,0.0055
113,5,0.2471,-0.0123
113,6,0.2233,-0.0291
113,7,0.1824,-0.0469
113,8,0.1096,-0.0678
113,9,0.0453,-0.0893
113,10,-0.0698,-0.1008
113,11,-0.4007,0.0165
113,12,-0.3929,0.0455
113,13,-0.1801,0.0341
113,14,0.0579,0.0377
113,15,-0.0185,0.0201
113,16,0.0591,-0.0086
113,17,-0.15,-0.0037
114,0,-0.4516,0.0474
114,1,0.0362,0.0865
114,2,0.2354,0.0643
114,3,0.2578,0.0385
114,4,0.2614,0.0162
114,5,0.2522,-0.0055
114,6,0.2305,-0.024
114,7,0.1886,-0.0484
114,8,0.1193,-0.0725
114,9,0.0389,-0.1026
114,10,-0.0797,-0.1136
114,11,-0.404,0.0051
114,12,-0.3864,0.039
114,13,-0.1879,0.0325
114,14,0.0302,0.0375
114,15,-0.03,0.0176
114,16,0.051,-0.0096
114,17,-0.162,-0.0084
115,0,-0.4523,0.0176
115,1,0.0035,0.0833
115,2,0.2144,0.0768
115,3,0.2443,0.0558
115,4,0.2566,0.0296
115,5,0.2542,0.0105
115,6,0.2407,-0.007
115,7,0.2163,-0.0307
115,8,0.1366,-0.0594
115,9,0.041,-0.0894
115,10,-0.0903,-0.1067
115,11,-0.403,-0.0281
115,12,-0.3952,0.0062
115,13,-0.1757,0.0183
115,14,0.038,0.0414
115,15,-0.0322,0.0175
115,16,0.0617,-0.0073
115,17,-0.1585,-0.0283
116,0,-0.4638,0.0562
116,1,0.0597,0.0945
116,2,0.2388,0.0506
116,3,0.2573,0.0282
116,4,0.2573,0.0022
116,5,0.2492,-0.0153
116,6,0.2263,-0.0375
116,7,0.1867,-0.0609
116,8,0.11,-0.0799
116,9,0.0215,-0.095
116,10,-0.0765,-0.1068
116,11,-0.4073,0.0138
116,12,-0.3775,0.0529
116,13,-0.1544,0.0461
116,14,0.0437,0.043
116,15,-0.0265,0.0239
116,16,0.0387,-0.008
116,17,-0.1834,-0.008
117,0,-0.4699,0.0301
117,1,0.0096,0.0909
117,2,0.2565,0.0431
117,3,0.2598,0.034
117,4,0.2595,0.0158
117,5,0.2551,0.0034
117,6,0.2364,-0.0176
117,7,0.2,-0.0399
117,8,0.1255,-0.0658
117,9,0.0271,-0.0897
117,10,-0.0544,-0.1021
117,11,-0.3901,-0.0085
117,12,-0.3751,0.0295
117,13,-0.1805,0.035
117,14,0.0155,0.0443
117,15,-0.044,0.0198
117,16,0.0343,-0.0054
117,17,-0.1652,-0.0169
118,0,-0.4717,0.0591
118,1,0.0228,0.0912
118,2,0.2401,0.0542
118,3,0.2557,0.0372
118,4,0.2604,0.0132
118,5,0.2551,-0.0035
118,6,0.238,-0.0238
118,7,0.1861,-0.0494
118,8,0.1134,-0.073
118,9,0.0372,-0.0981
118,10,-0.0711,-0.1055
118,11,-0.4021,-0.0079
118,12,-0.3762,0.0492
118,13,-0.1826,0.034
118,14,0.023,0.0341
118,15,-0.0235,0.0166
118,16,0.0383,-0.0098
118,17,-0.143,-0.0179
119,0,-0.4823,0.0484
119,1,0.0239,0.0839
119,2,0.2381,0.0493
119,3,0.2559,0.0323
119,4,0.2612,0.0093
119,5,0.254,-0.0136
119,6,0.2274,-0.034
119,7,0.1855,-0.0536
119,8,0.1077,-0.0661
119,9,0.0256,-0.0857
119,10,-0.0909,-0.0937
119,11,-0.4008,0.0051
119,12,-0.385,0.0448
119,13,-0.162,0.0341
119,14,0.0659,0.0387
119,15,-0.0253,0.0186
119,16,0.044,-0.0063
119,17,-0.1428,-0.0115
120,0,-0.4575,0.0294
120,1,0.027,0.0921
120,2,0.2328,0.0739
120,3,0.2574,0.0451
120,4,0.2623,0.0192
120,5,0.2555,-0.0027
120,6,0.2341,-0.0226
120,7,0.1904,-0.0453
120,8,0.1083,-0.0686
120,9,0.0369,-0.0939
120,10,-0.0767,-0.1056
120,11,-0.4021,-0.0155
120,12,-0.3876,0.0264
120,13,-0.1826,0.0346
120,14,0.0479,0.0459
120,15,-0.0293,0.0198
120,16,0.0432,-0.013
120,17,-0.1598,-0.0193
121,0,-0.4785,0.0252
121,1,-0.0091,0.0782
121,2,0.214,0.067
121,3,0.243,0.0459
121,4,0.26,0.0218
121,5,0.2575,0.0084
121,6,0.242,-0.0185
121,7,0.2009,-0.0467
121,8,0.1466,-0.0688
121,9,0.0406,-0.0924
121,10,-0.0734,-0.1098
121,11,-0.3879,-0.0101
121,12,-0.3856,0.0271
121,13,-0.1764,0.0262
121,14,0.0299,0.0448
121,15,-0.0162,0.0209
121,16,0.0502,-0.0023
121,17,-0.1576,-0.0167
122,0,-0.4806,0.0049
122,1,0.0172,0.081
122,2,0.2174,0.0773
122,3,0.2429,0.0558
122,4,0.2512,0.0339
122,5,0.2482,0.014
122,6,0.2267,-0.0067
122,7,0.1961,-0.0262
122,8,0.1269,-0.0542
122,9,0.0394,-0.0811
122,10,-0.0736,-0.1045
122,11,-0.4104,-0.0276
122,12,-0.3947,0.0023
122,13,-0.155,0.0162
122,14,0.0567,0.0419
122,15,-0.0242,0.0153
122,16,0.0737,-0.0086
122,17,-0.1579,-0.0338
123,0,-0.4703,-0.0009
123,1,0.0011,0.0805
123,2,0.2146,0.0747
123,3,0.2348,0.0585
123,4,0.2453,0.035
123,5,0.2442,0.0149
123,6,0.2372,-0.003
123,7,0.2186,-0.0235
123,8,0.1342,-0.0582
123,9,0.0391,-0.0843
123,10,-0.0726,-0.1051
123,11,-0.409,-0.0371
123,12,-0.3966,-0.0061
123,13,-0.1624,0.0193
123,14,0.0557,0.0467
123,15,-0.0272,0.019
123,16,0.0718,-0.0052
123,17,-0.1583,-0.0251
124,0,-0.4725,0.0441
124,1,0.0318,0.0808
124,2,0.2382,0.0419
124,3,0.2504,0.0237
124,4,0.2492,0.0019
124,5,0.2414,-0.0135
124,6,0.2276,-0.0298
124,7,0.1945,-0.0472
124,8,0.1219,-0.0661
124,9,0.0311,-0.0885
124,10,-0.0963,-0.084
124,11,-0.4066,0.0093
124,12,-0.3944,0.0425
124,13,-0.1724,0.039
124,14,0.0667,0.0418
124,15,-0.0108,0.0205
124,16,0.0548,-0.0049
124,17,-0.1546,-0.0115
125,0,-0.4697,0.0196
125,1,0.0007,0.085
125,2,0.2228,0.076
125,3,0.2485,0.054
125,4,0.2548,0.0319
125,5,0.2511,0.0132
125,6,0.2366,-0.0097
125,7,0.195,-0.0372
125,8,0.1279,-0.062
125,9,0.0443,-0.0943
125,10,-0.0773,-0.1149
125,11,-0.3987,-0.0131
125,12,-0.3908,0.0161
125,13,-0.1816,0.0213
125,14,0.0376,0.0408
125,15,-0.0073,0.0137
125,16,0.0592,-0.0103
125,17,-0.1531,-0.03
126,0,-0.462,0.0204
126,1,0.0082,0.0893
126,2,0.2061,0.0797
126,3,0.2374,0.0529
126,4,0.2457,0.0306
126,5,0.2482,0.006
126,6,0.2341,-0.0151
126,7,0.2064,-0.0363
126,8,0.1421,-0.0635
126,9,0.0572,-0.0906
126,10,-0.0335,-0.1073
126,11,-0.4127,-0.0169
126,12,-0.4018,0.0111
126,13,-0.1876,0.0241
126,14,0.0279,0.0403
126,15,-0.0425,0.0145
126,16,0.0729,-0.0123
126,17,-0.146,-0.0269
127,0,-0.457,0.0468
127,1,-0.009,0.0753
127,2,0.2381,0.0463
127,3,0.2556,0.0275
127,4,0.2614,0.0064
127,5,0.2515,-0.0129
127,6,0.2287,-0.0278
127,7,0.1883,-0.0456
127,8,0.118,-0.0624
127,9,0.0408,-0.0818
127,10,-0.0823,-0.0867
127,11,-0.4025,0.0048
127,12,-0.3888,0.0415
127,13,-0.2028,0.0371
127,14,0.049,0.0347
127,15,-0.0422,0.0204
127,16,0.1004,-0.018
127,17,-0.1473,-0.0057
